Row,P1,P2,P3,P4,P5,player_roles
1,1,1,0,0,1,"{""P1"":""Good"",
""P2"":""Good"",
""P3"":""Evil"",
""P4"":""Evil"",
""P5"":""Good""}"
2,1,1,1,0,0,"{""P1"":""Good"",
""P2"":""Good"",
""P3"":""Good"",
""P4"":""Evil"",
""P5"":""Evil""}"
3,1,1,1,0,0,"{""P1"":""Good"",
""P2"":""Good"",
""P3"":""Good"",
""P4"":""Evil"",
""P5"":""Evil""}"
4,1,1,0,0,1,"{""P1"":""Good"",
""P2"":""Good"",
""P3"":""Evil"",
""P4"":""Evil"",
""P5"":""Good""}"
5,1,1,0,0,1,"{""P1"":""Good"",
""P2"":""Good"",
""P3"":""Evil"",
""P4"":""Evil"",
""P5"":""Good""}"
6,1,1,0,0,1,"{""P1"":""Good"",
""P2"":""Good"",
""P3"":""Evil"",
""P4"":""Evil"",
""P5"":""Good""}"
7,1,1,0,0,1,"{""P1"":""Good"",
""P2"":""Good"",
""P3"":""Evil"",
""P4"":""Evil"",
""P5"":""Good""}"
8,1,1,0,0,1,"{""P1"":""Good"",
""P2"":""Good"",
""P3"":""Evil"",
""P4"":""Evil"",
""P5"":""Good""}"
9,1,1,0,0,1,"{""P1"":""Good"",
""P2"":""Good"",
""P3"":""Evil"",
""P4"":""Evil"",
""P5"":""Good""}"
10,1,1,0,0,1,"{""P1"":""Good"",
""P2"":""Good"",
""P3"":""Evil"",
""P4"":""Evil"",
""P5"":""Good""}"
11,1,0,1,0,1,"{""P1"":""Good"",
""P2"":""Evil"",
""P3"":""Good"",
""P4"":""Evil"",
""P5"":""Good""}"
12,1,0,1,0,1,"{""P1"":""Good"",
""P2"":""Evil"",
""P3"":""Good"",
""P4"":""Evil"",
""P5"":""Good""}"
13,1,0,1,0,1,"{""P1"":""Good"",
""P2"":""Evil"",
""P3"":""Good"",
""P4"":""Evil"",
""P5"":""Good""}"
14,1,0,1,0,1,"{""P1"":""Good"",
""P2"":""Evil"",
""P3"":""Good"",
""P4"":""Evil"",
""P5"":""Good""}"
15,1,0,1,0,1,"{""P1"":""Good"",
""P2"":""Evil"",
""P3"":""Good"",
""P4"":""Evil"",
""P5"":""Good""}"
16,1,0,1,1,0,"{""P1"":""Good"",
""P2"":""Evil"",
""P3"":""Good"",
""P4"":""Good"",
""P5"":""Evil""}"
17,1,0,1,1,0,"{""P1"":""Good"",
""P2"":""Evil"",
""P3"":""Good"",
""P4"":""Good"",
""P5"":""Evil""}"
18,1,0,1,1,0,"{""P1"":""Good"",
""P2"":""Evil"",
""P3"":""Good"",
""P4"":""Good"",
""P5"":""Evil""}"
19,1,0,1,1,0,"{""P1"":""Good"",
""P2"":""Evil"",
""P3"":""Good"",
""P4"":""Good"",
""P5"":""Evil""}"
20,1,0,1,1,0,"{""P1"":""Good"",
""P2"":""Evil"",
""P3"":""Good"",
""P4"":""Good"",
""P5"":""Evil""}"
21,1,1,1,0,0,"{""P1"":""Good"",
""P2"":""Good"",
""P3"":""Good"",
""P4"":""Evil"",
""P5"":""Evil""}"
22,1,1,1,0,0,"{""P1"":""Good"",
""P2"":""Good"",
""P3"":""Good"",
""P4"":""Evil"",
""P5"":""Evil""}"
23,1,1,1,0,0,"{""P1"":""Good"",
""P2"":""Good"",
""P3"":""Good"",
""P4"":""Evil"",
""P5"":""Evil""}"
24,1,1,1,0,0,"{""P1"":""Good"",
""P2"":""Good"",
""P3"":""Good"",
""P4"":""Evil"",
""P5"":""Evil""}"
25,1,1,1,0,0,"{""P1"":""Good"",
""P2"":""Good"",
""P3"":""Good"",
""P4"":""Evil"",
""P5"":""Evil""}"
26,1,1,0,0,1,"{""P1"":""Good"",
""P2"":""Good"",
""P3"":""Evil"",
""P4"":""Evil"",
""P5"":""Good""}"
27,1,0,1,1,0,"{""P1"":""Good"",
""P2"":""Good"",
""P3"":""Good"",
""P4"":""Evil"",
""P5"":""Evil""}"
28,1,1,0,0,1,"{""P1"":""Good"",
""P2"":""Evil"",
""P3"":""Evil"",
""P4"":""Good"",
""P5"":""Good""}"
29,1,1,1,0,0,"{""P1"":""Good"",
""P2"":""Good"",
""P3"":""Good"",
""P4"":""Evil"",
""P5"":""Evil""}"
30,1,1,0,1,0,"{""P1"":""Good"",
""P2"":""Good"",
""P3"":""Good"",
""P4"":""Evil"",
""P5"":""Evil""}"
31,1,1,0,0,1,"{""P1"":""Good"",
""P2"":""Evil"",
""P3"":""Evil"",
""P4"":""Good"",
""P5"":""Good""}"
32,1,0,1,0,1,"{""P1"":""Good"",
""P2"":""Good"",
""P3"":""Good"",
""P4"":""Evil"",
""P5"":""Evil""}"
33,1,0,0,1,1,"{""P1"":""Good"",
""P2"":""Good"",
""P3"":""Good"",
""P4"":""Evil"",
""P5"":""Evil""}"
34,1,0,1,1,0,"{""P1"":""Good"",
""P2"":""Good"",
""P3"":""Good"",
""P4"":""Evil"",
""P5"":""Evil""}"
35,1,1,0,1,0,"{""P1"":""Good"",
""P2"":""Evil"",
""P3"":""Good"",
""P4"":""Evil"",
""P5"":""Good""}"
36,1,1,0,1,0,"{""P1"":""Good"",
""P2"":""Evil"",
""P3"":""Evil"",
""P4"":""Good"",
""P5"":""Good""}"
37,1,0,0,1,1,"{""P1"":""Good"",
""P2"":""Evil"",
""P3"":""Evil"",
""P4"":""Good"",
""P5"":""Good""}"
38,1,1,1,0,0,"{""P1"":""Good"",
""P2"":""Evil"",
""P3"":""Good"",
""P4"":""Evil"",
""P5"":""Good""}"
39,1,1,1,0,0,"{""P1"":""Good"",
""P2"":""Evil"",
""P3"":""Good"",
""P4"":""Evil"",
""P5"":""Good""}"
40,1,0,1,1,0,"{""P1"":""Good"",
""P2"":""Evil"",
""P3"":""Good"",
""P4"":""Good"",
""P5"":""Evil""}"
41,1,1,1,0,0,"{""P1"":""Good"",
""P2"":""Evil"",
""P3"":""Evil"",
""P4"":""Good"",
""P5"":""Good""}"
42,1,1,1,0,0,"{""P1"":""Good"",
""P2"":""Good"",
""P3"":""Evil"",
""P4"":""Good"",
""P5"":""Evil""}"
43,1,1,0,0,1,"{""P1"":""Good"",
""P2"":""Good"",
""P3"":""Good"",
""P4"":""Evil"",
""P5"":""Evil""}"
44,1,1,0,1,0,"{""P1"":""Good"",
""P2"":""Evil"",
""P3"":""Evil"",
""P4"":""Good"",
""P5"":""Good""}"
45,1,1,0,1,0,"{""P1"":""Good"",
""P2"":""Evil"",
""P3"":""Evil"",
""P4"":""Good"",
""P5"":""Good""}"
46,1,0,0,1,1,"{""P1"":""Good"",
""P2"":""Evil"",
""P3"":""Good"",
""P4"":""Good"",
""P5"":""Evil""}"
47,1,0,0,1,1,"{""P1"":""Good"",
""P2"":""Good"",
""P3"":""Evil"",
""P4"":""Good"",
""P5"":""Evil""}"
48,1,0,0,1,1,"{""P1"":""Good"",
""P2"":""Good"",
""P3"":""Evil"",
""P4"":""Good"",
""P5"":""Evil""}"
49,1,0,0,1,1,"{""P1"":""Good"",
""P2"":""Evil"",
""P3"":""Good"",
""P4"":""Good"",
""P5"":""Evil""}"
50,1,1,1,0,0,"{""P1"":""Good"",
""P2"":""Good"",
""P3"":""Evil"",
""P4"":""Evil"",
""P5"":""Good""}"
51,1,1,0,0,1,"{""P1"":""Good"",
""P2"":""Good"",
""P3"":""Evil"",
""P4"":""Evil"",
""P5"":""Good""}"
52,1,1,0,1,0,"{""P1"":""Evil"",
""P2"":""Good"",
""P3"":""Good"",
""P4"":""Good"",
""P5"":""Evil""}"
53,0,1,0,1,1,"{""P1"":""Evil"",
""P2"":""Good"",
""P3"":""Good"",
""P4"":""Evil"",
""P5"":""Good""}"
54,0,1,0,1,1,"{""P1"":""Good"",
""P2"":""Good"",
""P3"":""Evil"",
""P4"":""Good"",
""P5"":""Evil""}"
55,0,1,0,1,1,"{""P1"":""Good"",
""P2"":""Good"",
""P3"":""Good"",
""P4"":""Evil"",
""P5"":""Evil""}"
56,0,1,1,1,0,"{""P1"":""Evil"",
""P2"":""Good"",
""P3"":""Evil"",
""P4"":""Good"",
""P5"":""Good""}"
57,1,1,0,0,1,"{""P1"":""Good"",
""P2"":""Good"",
""P3"":""Evil"",
""P4"":""Good"",
""P5"":""Evil""}"
58,1,1,1,0,0,"{""P1"":""Good"",
""P2"":""Good"",
""P3"":""Evil"",
""P4"":""Good"",
""P5"":""Evil""}"
59,0,1,1,0,1,"{""P1"":""Good"",
""P2"":""Good"",
""P3"":""Evil"",
""P4"":""Good"",
""P5"":""Evil""}"
60,0,1,1,1,0,"{""P1"":""Evil"",
""P2"":""Good"",
""P3"":""Good"",
""P4"":""Evil"",
""P5"":""Good""}"
61,1,1,1,0,0,"{""P1"":""Evil"",
""P2"":""Good"",
""P3"":""Good"",
""P4"":""Evil"",
""P5"":""Good""}"
62,0,1,0,1,1,"{""P1"":""Good"",
""P2"":""Good"",
""P3"":""Evil"",
""P4"":""Good"",
""P5"":""Evil""}"
63,0,1,1,0,1,"{""P1"":""Good"",
""P2"":""Good"",
""P3"":""Evil"",
""P4"":""Evil"",
""P5"":""Good""}"
64,0,1,0,1,1,"{""P1"":""Evil"",
""P2"":""Good"",
""P3"":""Good"",
""P4"":""Evil"",
""P5"":""Good""}"
65,1,1,1,0,0,"{""P1"":""Evil"",
""P2"":""Good"",
""P3"":""Good"",
""P4"":""Good"",
""P5"":""Evil""}"
66,1,1,1,0,0,"{""P1"":""Evil"",
""P2"":""Good"",
""P3"":""Evil"",
""P4"":""Good"",
""P5"":""Good""}"
67,0,1,1,1,0,"{""P1"":""Evil"",
""P2"":""Good"",
""P3"":""Good"",
""P4"":""Good"",
""P5"":""Evil""}"
68,0,1,0,1,1,"{""P1"":""Good"",
""P2"":""Good"",
""P3"":""Good"",
""P4"":""Evil"",
""P5"":""Evil""}"
69,0,1,1,0,1,"{""P1"":""Evil"",
""P2"":""Good"",
""P3"":""Good"",
""P4"":""Good"",
""P5"":""Evil""}"
70,0,1,1,0,1,"{""P1"":""Good"",
""P2"":""Good"",
""P3"":""Good"",
""P4"":""Evil"",
""P5"":""Evil""}"
71,0,1,1,1,0,"{""P1"":""Good"",
""P2"":""Good"",
""P3"":""Evil"",
""P4"":""Good"",
""P5"":""Evil""}"
72,0,1,1,1,0,"{""P1"":""Evil"",
""P2"":""Good"",
""P3"":""Good"",
""P4"":""Evil"",
""P5"":""Good""}"
73,0,1,0,1,1,"{""P1"":""Evil"",
""P2"":""Good"",
""P3"":""Evil"",
""P4"":""Good"",
""P5"":""Good""}"
74,0,1,1,0,1,"{""P1"":""Good"",
""P2"":""Good"",
""P3"":""Evil"",
""P4"":""Good"",
""P5"":""Evil""}"
75,0,1,1,0,1,"{""P1"":""Good"",
""P2"":""Good"",
""P3"":""Evil"",
""P4"":""Good"",
""P5"":""Evil""}"
76,1,1,0,1,0,"{""P1"":""Good"",
""P2"":""Good"",
""P3"":""Evil"",
""P4"":""Good"",
""P5"":""Evil""}"
77,1,1,1,0,0,"{""P1"":""Good"",
""P2"":""Good"",
""P3"":""Evil"",
""P4"":""Good"",
""P5"":""Evil""}"
78,1,1,0,1,0,"{""P1"":""Evil"",
""P2"":""Good"",
""P3"":""Evil"",
""P4"":""Good"",
""P5"":""Good""}"
79,0,1,1,0,1,"{""P1"":""Evil"",
""P2"":""Good"",
""P3"":""Good"",
""P4"":""Good"",
""P5"":""Evil""}"
80,1,1,0,1,0,"{""P1"":""Evil"",
""P2"":""Good"",
""P3"":""Evil"",
""P4"":""Good"",
""P5"":""Good""}"
81,1,1,0,0,1,"{""P1"":""Evil"",
""P2"":""Good"",
""P3"":""Good"",
""P4"":""Good"",
""P5"":""Evil""}"
82,0,1,1,0,1,"{""P1"":""Good"",
""P2"":""Good"",
""P3"":""Evil"",
""P4"":""Evil"",
""P5"":""Good""}"
83,1,1,1,0,0,"{""P1"":""Evil"",
""P2"":""Good"",
""P3"":""Good"",
""P4"":""Evil"",
""P5"":""Good""}"
84,1,1,0,0,1,"{""P1"":""Good"",
""P2"":""Good"",
""P3"":""Evil"",
""P4"":""Good"",
""P5"":""Evil""}"
85,0,1,1,0,1,"{""P1"":""Good"",
""P2"":""Good"",
""P3"":""Evil"",
""P4"":""Evil"",
""P5"":""Good""}"
86,1,1,1,0,0,"{""P1"":""Good"",
""P2"":""Good"",
""P3"":""Good"",
""P4"":""Evil"",
""P5"":""Evil""}"
87,1,1,0,0,1,"{""P1"":""Good"",
""P2"":""Good"",
""P3"":""Evil"",
""P4"":""Good"",
""P5"":""Evil""}"
88,0,1,1,1,0,"{""P1"":""Evil"",
""P2"":""Good"",
""P3"":""Evil"",
""P4"":""Good"",
""P5"":""Good""}"
89,1,1,0,0,1,"{""P1"":""Good"",
""P2"":""Good"",
""P3"":""Good"",
""P4"":""Evil"",
""P5"":""Evil""}"
90,0,1,0,1,1,"{""P1"":""Evil"",
""P2"":""Good"",
""P3"":""Good"",
""P4"":""Good"",
""P5"":""Evil""}"
91,0,1,1,1,0,"{""P1"":""Good"",
""P2"":""Good"",
""P3"":""Evil"",
""P4"":""Evil"",
""P5"":""Good""}"
92,1,1,0,0,1,"{""P1"":""Evil"",
""P2"":""Good"",
""P3"":""Good"",
""P4"":""Evil"",
""P5"":""Good""}"
93,0,1,1,0,1,"{""P1"":""Good"",
""P2"":""Good"",
""P3"":""Evil"",
""P4"":""Good"",
""P5"":""Evil""}"
94,1,1,0,1,0,"{""P1"":""Good"",
""P2"":""Good"",
""P3"":""Evil"",
""P4"":""Evil"",
""P5"":""Good""}"
95,0,1,1,0,1,"{""P1"":""Good"",
""P2"":""Good"",
""P3"":""Evil"",
""P4"":""Evil"",
""P5"":""Good""}"
96,0,1,1,0,1,"{""P1"":""Evil"",
""P2"":""Good"",
""P3"":""Good"",
""P4"":""Evil"",
""P5"":""Good""}"
97,1,1,0,1,0,"{""P1"":""Evil"",
""P2"":""Good"",
""P3"":""Good"",
""P4"":""Evil"",
""P5"":""Good""}"
98,0,1,0,1,1,"{""P1"":""Evil"",
""P2"":""Good"",
""P3"":""Good"",
""P4"":""Good"",
""P5"":""Evil""}"
99,1,1,0,1,0,"{""P1"":""Good"",
""P2"":""Good"",
""P3"":""Good"",
""P4"":""Evil"",
""P5"":""Evil""}"
100,0,1,1,1,0,"{""P1"":""Good"",
""P2"":""Good"",
""P3"":""Good"",
""P4"":""Evil"",
""P5"":""Evil""}"
101,0,1,1,1,0,"{""P1"":""Evil"",
""P2"":""Evil"",
""P3"":""Good"",
""P4"":""Good"",
""P5"":""Good""}"
102,0,0,1,1,1,"{""P1"":""Good"",
""P2"":""Evil"",
""P3"":""Good"",
""P4"":""Good"",
""P5"":""Evil""}"
103,1,0,1,0,1,"{""P1"":""Evil"",
""P2"":""Good"",
""P3"":""Good"",
""P4"":""Good"",
""P5"":""Evil""}"
104,1,0,1,0,1,"{""P1"":""Good"",
""P2"":""Evil"",
""P3"":""Good"",
""P4"":""Good"",
""P5"":""Evil""}"
105,1,1,1,0,0,"{""P1"":""Good"",
""P2"":""Evil"",
""P3"":""Good"",
""P4"":""Evil"",
""P5"":""Good""}"
106,1,0,1,1,0,"{""P1"":""Good"",
""P2"":""Evil"",
""P3"":""Good"",
""P4"":""Evil"",
""P5"":""Good""}"
107,0,1,1,0,1,"{""P1"":""Evil"",
""P2"":""Good"",
""P3"":""Good"",
""P4"":""Good"",
""P5"":""Evil""}"
108,1,0,1,0,1,"{""P1"":""Good"",
""P2"":""Evil"",
""P3"":""Good"",
""P4"":""Good"",
""P5"":""Evil""}"
109,0,1,1,0,1,"{""P1"":""Evil"",
""P2"":""Evil"",
""P3"":""Good"",
""P4"":""Good"",
""P5"":""Good""}"
110,0,0,1,1,1,"{""P1"":""Evil"",
""P2"":""Good"",
""P3"":""Good"",
""P4"":""Good"",
""P5"":""Evil""}"
111,0,0,1,1,1,"{""P1"":""Evil"",
""P2"":""Good"",
""P3"":""Good"",
""P4"":""Good"",
""P5"":""Evil""}"
112,0,1,1,1,0,"{""P1"":""Evil"",
""P2"":""Good"",
""P3"":""Good"",
""P4"":""Evil"",
""P5"":""Good""}"
113,1,1,1,0,0,"{""P1"":""Good"",
""P2"":""Evil"",
""P3"":""Good"",
""P4"":""Evil"",
""P5"":""Good""}"
114,1,0,1,0,1,"{""P1"":""Good"",
""P2"":""Good"",
""P3"":""Good"",
""P4"":""Evil"",
""P5"":""Evil""}"
115,1,0,1,1,0,"{""P1"":""Good"",
""P2"":""Evil"",
""P3"":""Good"",
""P4"":""Evil"",
""P5"":""Good""}"
116,0,0,1,1,1,"{""P1"":""Good"",
""P2"":""Evil"",
""P3"":""Good"",
""P4"":""Good"",
""P5"":""Evil""}"
117,0,1,1,0,1,"{""P1"":""Evil"",
""P2"":""Evil"",
""P3"":""Good"",
""P4"":""Good"",
""P5"":""Good""}"
118,1,0,1,1,0,"{""P1"":""Evil"",
""P2"":""Good"",
""P3"":""Good"",
""P4"":""Good"",
""P5"":""Evil""}"
119,0,1,1,1,0,"{""P1"":""Evil"",
""P2"":""Good"",
""P3"":""Good"",
""P4"":""Good"",
""P5"":""Evil""}"
120,1,0,1,0,1,"{""P1"":""Evil"",
""P2"":""Good"",
""P3"":""Good"",
""P4"":""Good"",
""P5"":""Evil""}"
121,0,0,1,1,1,"{""P1"":""Evil"",
""P2"":""Good"",
""P3"":""Good"",
""P4"":""Evil"",
""P5"":""Good""}"
122,1,0,1,0,1,"{""P1"":""Evil"",
""P2"":""Good"",
""P3"":""Good"",
""P4"":""Good"",
""P5"":""Evil""}"
123,0,1,1,0,1,"{""P1"":""Evil"",
""P2"":""Good"",
""P3"":""Good"",
""P4"":""Evil"",
""P5"":""Good""}"
124,1,1,1,0,0,"{""P1"":""Evil"",
""P2"":""Good"",
""P3"":""Good"",
""P4"":""Evil"",
""P5"":""Good""}"
125,1,0,1,0,1,"{""P1"":""Evil"",
""P2"":""Good"",
""P3"":""Good"",
""P4"":""Good"",
""P5"":""Evil""}"
126,0,1,1,1,0,"{""P1"":""Evil"",
""P2"":""Evil"",
""P3"":""Good"",
""P4"":""Good"",
""P5"":""Good""}"
127,0,1,1,1,0,"{""P1"":""Evil"",
""P2"":""Evil"",
""P3"":""Good"",
""P4"":""Good"",
""P5"":""Good""}"
128,0,0,1,1,1,"{""P1"":""Good"",
""P2"":""Evil"",
""P3"":""Good"",
""P4"":""Evil"",
""P5"":""Good""}"
129,1,0,1,1,0,"{""P1"":""Evil"",
""P2"":""Evil"",
""P3"":""Good"",
""P4"":""Good"",
""P5"":""Good""}"
130,1,0,1,0,1,"{""P1"":""Good"",
""P2"":""Evil"",
""P3"":""Good"",
""P4"":""Evil"",
""P5"":""Good""}"
131,1,0,1,0,1,"{""P1"":""Good"",
""P2"":""Evil"",
""P3"":""Good"",
""P4"":""Good"",
""P5"":""Evil""}"
132,0,1,1,1,0,"{""P1"":""Good"",
""P2"":""Evil"",
""P3"":""Good"",
""P4"":""Good"",
""P5"":""Evil""}"
133,0,1,1,1,0,"{""P1"":""Evil"",
""P2"":""Evil"",
""P3"":""Good"",
""P4"":""Good"",
""P5"":""Good""}"
134,1,0,1,0,1,"{""P1"":""Evil"",
""P2"":""Good"",
""P3"":""Good"",
""P4"":""Evil"",
""P5"":""Good""}"
135,1,0,1,1,0,"{""P1"":""Evil"",
""P2"":""Good"",
""P3"":""Good"",
""P4"":""Good"",
""P5"":""Evil""}"
136,1,0,1,1,0,"{""P1"":""Evil"",
""P2"":""Evil"",
""P3"":""Good"",
""P4"":""Good"",
""P5"":""Good""}"
137,0,1,1,1,0,"{""P1"":""Good"",
""P2"":""Good"",
""P3"":""Good"",
""P4"":""Evil"",
""P5"":""Evil""}"
138,0,0,1,1,1,"{""P1"":""Good"",
""P2"":""Evil"",
""P3"":""Good"",
""P4"":""Evil"",
""P5"":""Good""}"
139,0,1,1,1,0,"{""P1"":""Evil"",
""P2"":""Good"",
""P3"":""Good"",
""P4"":""Good"",
""P5"":""Evil""}"
140,1,0,1,1,0,"{""P1"":""Good"",
""P2"":""Evil"",
""P3"":""Good"",
""P4"":""Evil"",
""P5"":""Good""}"
141,0,0,1,1,1,"{""P1"":""Evil"",
""P2"":""Good"",
""P3"":""Good"",
""P4"":""Good"",
""P5"":""Evil""}"
142,1,0,1,0,1,"{""P1"":""Evil"",
""P2"":""Good"",
""P3"":""Good"",
""P4"":""Good"",
""P5"":""Evil""}"
143,0,1,1,0,1,"{""P1"":""Evil"",
""P2"":""Good"",
""P3"":""Good"",
""P4"":""Good"",
""P5"":""Evil""}"
144,1,1,1,0,0,"{""P1"":""Good"",
""P2"":""Good"",
""P3"":""Good"",
""P4"":""Evil"",
""P5"":""Evil""}"
145,0,1,1,1,0,"{""P1"":""Good"",
""P2"":""Evil"",
""P3"":""Good"",
""P4"":""Evil"",
""P5"":""Good""}"
146,0,0,1,1,1,"{""P1"":""Good"",
""P2"":""Evil"",
""P3"":""Good"",
""P4"":""Good"",
""P5"":""Evil""}"
147,1,1,1,0,0,"{""P1"":""Evil"",
""P2"":""Evil"",
""P3"":""Good"",
""P4"":""Good"",
""P5"":""Good""}"
148,0,1,1,1,0,"{""P1"":""Good"",
""P2"":""Good"",
""P3"":""Good"",
""P4"":""Evil"",
""P5"":""Evil""}"
149,0,0,1,1,1,"{""P1"":""Evil"",
""P2"":""Good"",
""P3"":""Good"",
""P4"":""Good"",
""P5"":""Evil""}"
150,0,1,1,0,1,"{""P1"":""Evil"",
""P2"":""Good"",
""P3"":""Good"",
""P4"":""Evil"",
""P5"":""Good""}"
151,1,0,0,1,1,"{""P1"":""Evil"",
""P2"":""Good"",
""P3"":""Evil"",
""P4"":""Good"",
""P5"":""Good""}"
152,0,1,0,1,1,"{""P1"":""Evil"",
""P2"":""Good"",
""P3"":""Evil"",
""P4"":""Good"",
""P5"":""Good""}"
153,0,1,0,1,1,"{""P1"":""Evil"",
""P2"":""Good"",
""P3"":""Evil"",
""P4"":""Good"",
""P5"":""Good""}"
154,1,1,0,1,0,"{""P1"":""Evil"",
""P2"":""Good"",
""P3"":""Good"",
""P4"":""Good"",
""P5"":""Evil""}"
155,1,0,0,1,1,"{""P1"":""Good"",
""P2"":""Evil"",
""P3"":""Evil"",
""P4"":""Good"",
""P5"":""Good""}"
156,1,0,1,1,0,"{""P1"":""Evil"",
""P2"":""Good"",
""P3"":""Evil"",
""P4"":""Good"",
""P5"":""Good""}"
157,1,0,1,1,0,"{""P1"":""Evil"",
""P2"":""Good"",
""P3"":""Evil"",
""P4"":""Good"",
""P5"":""Good""}"
158,1,0,0,1,1,"{""P1"":""Evil"",
""P2"":""Good"",
""P3"":""Evil"",
""P4"":""Good"",
""P5"":""Good""}"
159,1,1,0,1,0,"{""P1"":""Evil"",
""P2"":""Good"",
""P3"":""Evil"",
""P4"":""Good"",
""P5"":""Good""}"
160,0,1,0,1,1,"{""P1"":""Good"",
""P2"":""Evil"",
""P3"":""Good"",
""P4"":""Good"",
""P5"":""Evil""}"
161,1,1,0,1,0,"{""P1"":""Evil"",
""P2"":""Good"",
""P3"":""Evil"",
""P4"":""Good"",
""P5"":""Good""}"
162,1,0,1,1,0,"{""P1"":""Evil"",
""P2"":""Evil"",
""P3"":""Good"",
""P4"":""Good"",
""P5"":""Good""}"
163,1,1,0,1,0,"{""P1"":""Good"",
""P2"":""Evil"",
""P3"":""Good"",
""P4"":""Good"",
""P5"":""Evil""}"
164,1,1,0,1,0,"{""P1"":""Good"",
""P2"":""Evil"",
""P3"":""Evil"",
""P4"":""Good"",
""P5"":""Good""}"
165,1,0,0,1,1,"{""P1"":""Good"",
""P2"":""Evil"",
""P3"":""Good"",
""P4"":""Good"",
""P5"":""Evil""}"
166,1,0,1,1,0,"{""P1"":""Good"",
""P2"":""Good"",
""P3"":""Evil"",
""P4"":""Good"",
""P5"":""Evil""}"
167,1,0,1,1,0,"{""P1"":""Good"",
""P2"":""Evil"",
""P3"":""Good"",
""P4"":""Good"",
""P5"":""Evil""}"
168,1,0,1,1,0,"{""P1"":""Evil"",
""P2"":""Evil"",
""P3"":""Good"",
""P4"":""Good"",
""P5"":""Good""}"
169,1,1,0,1,0,"{""P1"":""Good"",
""P2"":""Evil"",
""P3"":""Good"",
""P4"":""Good"",
""P5"":""Evil""}"
170,1,0,1,1,0,"{""P1"":""Evil"",
""P2"":""Good"",
""P3"":""Evil"",
""P4"":""Good"",
""P5"":""Good""}"
171,0,0,1,1,1,"{""P1"":""Good"",
""P2"":""Good"",
""P3"":""Evil"",
""P4"":""Good"",
""P5"":""Evil""}"
172,1,1,0,1,0,"{""P1"":""Good"",
""P2"":""Evil"",
""P3"":""Good"",
""P4"":""Good"",
""P5"":""Evil""}"
173,1,0,0,1,1,"{""P1"":""Evil"",
""P2"":""Good"",
""P3"":""Evil"",
""P4"":""Good"",
""P5"":""Good""}"
174,1,0,1,1,0,"{""P1"":""Good"",
""P2"":""Evil"",
""P3"":""Evil"",
""P4"":""Good"",
""P5"":""Good""}"
175,1,1,0,1,0,"{""P1"":""Good"",
""P2"":""Good"",
""P3"":""Evil"",
""P4"":""Good"",
""P5"":""Evil""}"
176,1,1,0,1,0,"{""P1"":""Evil"",
""P2"":""Evil"",
""P3"":""Good"",
""P4"":""Good"",
""P5"":""Good""}"
177,1,0,1,1,0,"{""P1"":""Good"",
""P2"":""Evil"",
""P3"":""Evil"",
""P4"":""Good"",
""P5"":""Good""}"
178,1,1,0,1,0,"{""P1"":""Good"",
""P2"":""Evil"",
""P3"":""Evil"",
""P4"":""Good"",
""P5"":""Good""}"
179,1,0,0,1,1,"{""P1"":""Good"",
""P2"":""Good"",
""P3"":""Evil"",
""P4"":""Good"",
""P5"":""Evil""}"
180,1,0,0,1,1,"{""P1"":""Good"",
""P2"":""Evil"",
""P3"":""Good"",
""P4"":""Good"",
""P5"":""Evil""}"
181,0,1,1,1,0,"{""P1"":""Good"",
""P2"":""Good"",
""P3"":""Evil"",
""P4"":""Good"",
""P5"":""Evil""}"
182,0,0,1,1,1,"{""P1"":""Evil"",
""P2"":""Good"",
""P3"":""Good"",
""P4"":""Good"",
""P5"":""Evil""}"
183,0,1,0,1,1,"{""P1"":""Evil"",
""P2"":""Good"",
""P3"":""Evil"",
""P4"":""Good"",
""P5"":""Good""}"
184,0,1,1,1,0,"{""P1"":""Good"",
""P2"":""Good"",
""P3"":""Evil"",
""P4"":""Good"",
""P5"":""Evil""}"
185,1,1,0,1,0,"{""P1"":""Evil"",
""P2"":""Evil"",
""P3"":""Good"",
""P4"":""Good"",
""P5"":""Good""}"
186,0,1,1,1,0,"{""P1"":""Good"",
""P2"":""Evil"",
""P3"":""Good"",
""P4"":""Good"",
""P5"":""Evil""}"
187,0,0,1,1,1,"{""P1"":""Evil"",
""P2"":""Good"",
""P3"":""Evil"",
""P4"":""Good"",
""P5"":""Good""}"
188,0,1,1,1,0,"{""P1"":""Good"",
""P2"":""Evil"",
""P3"":""Good"",
""P4"":""Good"",
""P5"":""Evil""}"
189,0,1,1,1,0,"{""P1"":""Good"",
""P2"":""Evil"",
""P3"":""Evil"",
""P4"":""Good"",
""P5"":""Good""}"
190,1,1,0,1,0,"{""P1"":""Good"",
""P2"":""Evil"",
""P3"":""Evil"",
""P4"":""Good"",
""P5"":""Good""}"
191,0,0,1,1,1,"{""P1"":""Good"",
""P2"":""Good"",
""P3"":""Evil"",
""P4"":""Good"",
""P5"":""Evil""}"
192,1,0,0,1,1,"{""P1"":""Good"",
""P2"":""Good"",
""P3"":""Evil"",
""P4"":""Good"",
""P5"":""Evil""}"
193,0,0,1,1,1,"{""P1"":""Good"",
""P2"":""Evil"",
""P3"":""Evil"",
""P4"":""Good"",
""P5"":""Good""}"
194,1,0,1,1,0,"{""P1"":""Good"",
""P2"":""Evil"",
""P3"":""Evil"",
""P4"":""Good"",
""P5"":""Good""}"
195,1,0,0,1,1,"{""P1"":""Good"",
""P2"":""Evil"",
""P3"":""Good"",
""P4"":""Good"",
""P5"":""Evil""}"
196,1,1,0,1,0,"{""P1"":""Evil"",
""P2"":""Evil"",
""P3"":""Good"",
""P4"":""Good"",
""P5"":""Good""}"
197,0,1,1,1,0,"{""P1"":""Good"",
""P2"":""Good"",
""P3"":""Evil"",
""P4"":""Good"",
""P5"":""Evil""}"
198,1,0,0,1,1,"{""P1"":""Good"",
""P2"":""Evil"",
""P3"":""Evil"",
""P4"":""Good"",
""P5"":""Good""}"
199,0,0,1,1,1,"{""P1"":""Good"",
""P2"":""Evil"",
""P3"":""Evil"",
""P4"":""Good"",
""P5"":""Good""}"
200,0,1,0,1,1,"{""P1"":""Evil"",
""P2"":""Evil"",
""P3"":""Good"",
""P4"":""Good"",
""P5"":""Good""}"
201,1,1,0,0,1,"{""P1"":""Evil"",
""P2"":""Good"",
""P3"":""Good"",
""P4"":""Evil"",
""P5"":""Good""}"
202,1,0,0,1,1,"{""P1"":""Evil"",
""P2"":""Good"",
""P3"":""Good"",
""P4"":""Evil"",
""P5"":""Good""}"
203,1,0,1,0,1,"{""P1"":""Evil"",
""P2"":""Good"",
""P3"":""Evil"",
""P4"":""Good"",
""P5"":""Good""}"
204,1,0,1,0,1,"{""P1"":""Evil"",
""P2"":""Good"",
""P3"":""Evil"",
""P4"":""Good"",
""P5"":""Good""}"
205,1,0,1,0,1,"{""P1"":""Evil"",
""P2"":""Evil"",
""P3"":""Good"",
""P4"":""Good"",
""P5"":""Good""}"
206,0,1,1,0,1,"{""P1"":""Evil"",
""P2"":""Evil"",
""P3"":""Good"",
""P4"":""Good"",
""P5"":""Good""}"
207,0,1,1,0,1,"{""P1"":""Evil"",
""P2"":""Evil"",
""P3"":""Good"",
""P4"":""Good"",
""P5"":""Good""}"
208,0,0,1,1,1,"{""P1"":""Good"",
""P2"":""Evil"",
""P3"":""Evil"",
""P4"":""Good"",
""P5"":""Good""}"
209,1,0,1,0,1,"{""P1"":""Evil"",
""P2"":""Good"",
""P3"":""Good"",
""P4"":""Evil"",
""P5"":""Good""}"
210,0,1,1,0,1,"{""P1"":""Evil"",
""P2"":""Good"",
""P3"":""Good"",
""P4"":""Evil"",
""P5"":""Good""}"
211,0,1,0,1,1,"{""P1"":""Good"",
""P2"":""Evil"",
""P3"":""Good"",
""P4"":""Evil"",
""P5"":""Good""}"
212,0,1,0,1,1,"{""P1"":""Good"",
""P2"":""Good"",
""P3"":""Evil"",
""P4"":""Evil"",
""P5"":""Good""}"
213,0,1,0,1,1,"{""P1"":""Good"",
""P2"":""Good"",
""P3"":""Evil"",
""P4"":""Evil"",
""P5"":""Good""}"
214,1,1,0,0,1,"{""P1"":""Evil"",
""P2"":""Good"",
""P3"":""Evil"",
""P4"":""Good"",
""P5"":""Good""}"
215,1,0,1,0,1,"{""P1"":""Good"",
""P2"":""Good"",
""P3"":""Evil"",
""P4"":""Evil"",
""P5"":""Good""}"
216,0,0,1,1,1,"{""P1"":""Evil"",
""P2"":""Evil"",
""P3"":""Good"",
""P4"":""Good"",
""P5"":""Good""}"
217,0,0,1,1,1,"{""P1"":""Good"",
""P2"":""Evil"",
""P3"":""Good"",
""P4"":""Evil"",
""P5"":""Good""}"
218,0,1,1,0,1,"{""P1"":""Evil"",
""P2"":""Good"",
""P3"":""Evil"",
""P4"":""Good"",
""P5"":""Good""}"
219,0,1,0,1,1,"{""P1"":""Good"",
""P2"":""Evil"",
""P3"":""Evil"",
""P4"":""Good"",
""P5"":""Good""}"
220,1,0,0,1,1,"{""P1"":""Evil"",
""P2"":""Good"",
""P3"":""Good"",
""P4"":""Evil"",
""P5"":""Good""}"
221,1,0,0,1,1,"{""P1"":""Good"",
""P2"":""Evil"",
""P3"":""Good"",
""P4"":""Evil"",
""P5"":""Good""}"
222,1,0,0,1,1,"{""P1"":""Evil"",
""P2"":""Evil"",
""P3"":""Good"",
""P4"":""Good"",
""P5"":""Good""}"
223,0,1,1,0,1,"{""P1"":""Evil"",
""P2"":""Evil"",
""P3"":""Good"",
""P4"":""Good"",
""P5"":""Good""}"
224,0,0,1,1,1,"{""P1"":""Good"",
""P2"":""Good"",
""P3"":""Evil"",
""P4"":""Evil"",
""P5"":""Good""}"
225,1,1,0,0,1,"{""P1"":""Good"",
""P2"":""Evil"",
""P3"":""Good"",
""P4"":""Evil"",
""P5"":""Good""}"
226,1,0,0,1,1,"{""P1"":""Evil"",
""P2"":""Good"",
""P3"":""Good"",
""P4"":""Evil"",
""P5"":""Good""}"
227,1,1,0,0,1,"{""P1"":""Good"",
""P2"":""Evil"",
""P3"":""Good"",
""P4"":""Evil"",
""P5"":""Good""}"
228,0,1,0,1,1,"{""P1"":""Evil"",
""P2"":""Evil"",
""P3"":""Good"",
""P4"":""Good"",
""P5"":""Good""}"
229,0,1,0,1,1,"{""P1"":""Good"",
""P2"":""Good"",
""P3"":""Evil"",
""P4"":""Evil"",
""P5"":""Good""}"
230,0,1,0,1,1,"{""P1"":""Evil"",
""P2"":""Evil"",
""P3"":""Good"",
""P4"":""Good"",
""P5"":""Good""}"
231,0,0,1,1,1,"{""P1"":""Evil"",
""P2"":""Good"",
""P3"":""Evil"",
""P4"":""Good"",
""P5"":""Good""}"
232,1,0,1,0,1,"{""P1"":""Good"",
""P2"":""Evil"",
""P3"":""Good"",
""P4"":""Evil"",
""P5"":""Good""}"
233,0,0,1,1,1,"{""P1"":""Evil"",
""P2"":""Evil"",
""P3"":""Good"",
""P4"":""Good"",
""P5"":""Good""}"
234,0,0,1,1,1,"{""P1"":""Good"",
""P2"":""Good"",
""P3"":""Evil"",
""P4"":""Evil"",
""P5"":""Good""}"
235,1,0,1,0,1,"{""P1"":""Good"",
""P2"":""Evil"",
""P3"":""Evil"",
""P4"":""Good"",
""P5"":""Good""}"
236,0,1,1,0,1,"{""P1"":""Good"",
""P2"":""Evil"",
""P3"":""Good"",
""P4"":""Evil"",
""P5"":""Good""}"
237,1,0,0,1,1,"{""P1"":""Good"",
""P2"":""Evil"",
""P3"":""Evil"",
""P4"":""Good"",
""P5"":""Good""}"
238,1,1,0,0,1,"{""P1"":""Good"",
""P2"":""Evil"",
""P3"":""Evil"",
""P4"":""Good"",
""P5"":""Good""}"
239,1,0,0,1,1,"{""P1"":""Evil"",
""P2"":""Good"",
""P3"":""Good"",
""P4"":""Evil"",
""P5"":""Good""}"
240,1,0,1,0,1,"{""P1"":""Good"",
""P2"":""Good"",
""P3"":""Evil"",
""P4"":""Evil"",
""P5"":""Good""}"
241,0,0,1,1,1,"{""P1"":""Evil"",
""P2"":""Good"",
""P3"":""Good"",
""P4"":""Evil"",
""P5"":""Good""}"
242,1,0,0,1,1,"{""P1"":""Evil"",
""P2"":""Good"",
""P3"":""Evil"",
""P4"":""Good"",
""P5"":""Good""}"
243,0,1,0,1,1,"{""P1"":""Evil"",
""P2"":""Evil"",
""P3"":""Good"",
""P4"":""Good"",
""P5"":""Good""}"
244,0,0,1,1,1,"{""P1"":""Good"",
""P2"":""Good"",
""P3"":""Evil"",
""P4"":""Evil"",
""P5"":""Good""}"
245,0,1,0,1,1,"{""P1"":""Evil"",
""P2"":""Good"",
""P3"":""Good"",
""P4"":""Evil"",
""P5"":""Good""}"
246,1,1,0,0,1,"{""P1"":""Good"",
""P2"":""Evil"",
""P3"":""Evil"",
""P4"":""Good"",
""P5"":""Good""}"
247,0,1,0,1,1,"{""P1"":""Evil"",
""P2"":""Good"",
""P3"":""Evil"",
""P4"":""Good"",
""P5"":""Good""}"
248,1,0,0,1,1,"{""P1"":""Evil"",
""P2"":""Good"",
""P3"":""Good"",
""P4"":""Evil"",
""P5"":""Good""}"
249,0,1,1,0,1,"{""P1"":""Good"",
""P2"":""Evil"",
""P3"":""Good"",
""P4"":""Evil"",
""P5"":""Good""}"
250,0,1,0,1,1,"{""P1"":""Good"",
""P2"":""Evil"",
""P3"":""Evil"",
""P4"":""Good"",
""P5"":""Good""}"
